<?xml version="1.0" encoding="UTF-8"?>
<!DOCTYPE mapper PUBLIC "-//mybatis.org//DTD Mapper 3.0//EN" "http://mybatis.org/dtd/mybatis-3-mapper.dtd">

<mapper namespace="com.StockMng.mapper.StockMapper">
    <select id="StockList" resultType="com.StockMng.dto.StockDTO">
        <![CDATA[
            SELECT PRODUCT_CODE,
                   LOCATION_NAME,
                   QUANTITY
              FROM WORKBRENCH.PRODUCT_STOCK P,
                   WORKBRENCH.LOCATION_INFO I,
                   WORKBRENCH.SHIPPING_PRODUCT S
             WHERE P.SHIPPING_PRODUCT_ID = S.SHIPPING_PRODUCT_ID
               AND P.LOCATION_ID = I.LOCATION_ID
             ORDER BY STOCK_ID
        ]]>
    </select>
    <select id="selectShippingProductId" resultType="java.lang.String">
        <![CDATA[
            SELECT SHIPPING_PRODUCT_ID FROM WORKBRENCH.SHIPPING_PRODUCT
             WHERE PRODUCT_CODE = #{product_code}
        ]]>
    </select>
    <select id="selectShippingProductIdCnt" resultType="java.lang.Integer">
        <![CDATA[
            SELECT COUNT(1) FROM WORKBRENCH.SHIPPING_PRODUCT
             WHERE PRODUCT_CODE = #{product_code}
        ]]>
    </select>
    <select id="selectLocationIdchk" resultType="java.lang.Integer">
        <![CDATA[
            SELECT COUNT(1) FROM WORKBRENCH.LOCATION_INFO
             WHERE LOCATION_NAME = #{locationName}
        ]]>
    </select>
    <select id="selectlocationId" resultType="java.lang.String">
        <![CDATA[
            SELECT LOCATION_ID FROM WORKBRENCH.LOCATION_INFO
             WHERE LOCATION_NAME = #{locationName}
        ]]>
    </select>
    <select id="selectsuggestionlocationCode" resultType="java.lang.String">
        <![CDATA[
            SELECT
                CASE
                    WHEN ( SELECT COUNT(*)
                             FROM WORKBRENCH.PRODUCT_STOCK
                            WHERE SHIPPING_PRODUCT_ID = PS.SHIPPING_PRODUCT_ID ) > 0
                    THEN ( SELECT LOCATION_NAME
                             FROM WORKBRENCH.PRODUCT_STOCK P
                                , WORKBRENCH.LOCATION_INFO L
                            WHERE P.LOCATION_ID = L.LOCATION_ID
                              AND P.SHIPPING_PRODUCT_ID = PS.SHIPPING_PRODUCT_ID
                            ORDER BY STOCK_ID
                            LIMIT 1 )
                    WHEN ( SELECT COUNT(*) FROM WORKBRENCH.PRODUCT_STOCK
                            WHERE SHIPPING_PRODUCT_ID = PS.SHIPPING_PRODUCT_ID ) = 0
                    THEN ( SELECT LOCATION_NAME FROM WORKBRENCH.LOCATION_INFO
                            WHERE LOCATION_ID NOT IN (SELECT LOCATION_ID FROM WORKBRENCH.PRODUCT_STOCK)
                            ORDER BY LOCATION_ID
                            LIMIT 1 )
                    ELSE ( SELECT LOCATION_NAME FROM WORKBRENCH.LOCATION_INFO L
                            WHERE SKU_LIMIT = 0
                            ORDER BY LOCATION_ID
                            LIMIT 1 )
                END AS FINAL_LOCATION_NAME
            FROM WORKBRENCH.SHIPPING_PRODUCT PS
            WHERE SHIPPING_PRODUCT_ID = #{productId}
            LIMIT 1
        ]]>
    </select>
    <select id="selectProductStock" resultType="java.lang.Integer">
        <![CDATA[
            SELECT count(1) FROM WORKBRENCH.PRODUCT_STOCK P
             WHERE P.SHIPPING_PRODUCT_ID = #{shipping_product_id}
               AND P.LOCATION_ID = #{location_id}
        ]]>
    </select>
    <select id="selectSkuLimitCnt" resultType="java.lang.Integer">
        <![CDATA[
		    SELECT SKU_LIMIT FROM WORKBRENCH.LOCATION_INFO L
             WHERE L.LOCATION_ID = #{location_id}
        ]]>
    </select>
    <select id="selectorgSkuCnt" resultType="java.lang.Integer">
        <![CDATA[
            SELECT COUNT(DISTINCT SHIPPING_PRODUCT_ID) FROM WORKBRENCH.PRODUCT_STOCK P
             WHERE P.LOCATION_ID = #{location_id}
        ]]>
    </select>
    <insert id="saveStock">
        <![CDATA[
            INSERT INTO WORKBRENCH.PRODUCT_STOCK(STOCK_ID,SHIPPING_PRODUCT_ID,LOCATION_ID,QUANTITY,CREATE_DATE)
                 VALUES (NULL, #{shipping_product_id} ,#{location_id},#{quantity},SYSDATE())
        ]]>
    </insert>

</mapper>
